{
  "total_keys": 4179,
  "total_bits": 1069824,
  "mean_iat": 0.23904834849210124,
  "cv_iat": 0.9153920687059286,
  "rate_keys": 4.179,
  "rate_bits": 1069.824,
  "median_throughput": 1075.2,
  "mean_throughput": 1069.8239999999998,
  "p05": 716.8,
  "p95": 1433.6
}