{
  "source": "BOU",
  "target": "PIT",
  "total_packets": 4179,
  "edge_multiplicity": {
    "BOU-HOU": 0.4316822206269442,
    "ATL-HOU": 0.44268963866953814,
    "ATL-PIT": 0.24120603015075376,
    "BOU-LNK": 0.25675999042833214,
    "CMI-LNK": 0.43096434553720986,
    "CMI-PIT": 0.33524766690595836,
    "BOU-SLC": 0.31155778894472363,
    "ARB-SLC": 0.44819334769083513,
    "PAO-SLC": 0.3505623354869586,
    "PAO-SEA": 0.37592725532424026,
    "CMI-SEA": 0.40871021775544386,
    "ARB-PRI": 0.39315625747786553,
    "PIT-PRI": 0.2189519023689878,
    "HOU-SAN": 0.4132567599904283,
    "CPK-HOU": 0.4601579325197416,
    "CPK-ITH": 0.35774108638430246,
    "CPK-PRI": 0.3852596314907873,
    "ARB-ITH": 0.36180904522613067,
    "ITH-PIT": 0.20459440057430006,
    "SAN-SEA": 0.3864560899736779,
    "PAO-SAN": 0.38478104809763103
  },
  "node_hitting_prob": {
    "ATL": 0.288107202680067,
    "HOU": 0.5415171093563054,
    "CMI": 0.3936348408710218,
    "LNK": 0.27877482651352,
    "SEA": 0.28451782723139507,
    "SLC": 0.375448671931084,
    "PAO": 0.27590332615458246,
    "ARB": 0.336444125388849,
    "PRI": 0.31825795644891125,
    "SAN": 0.2931323283082077,
    "ITH": 0.30198612108159845,
    "CPK": 0.3488872936109117
  }
}