{
  "source": "BRE",
  "target": "SIE",
  "total_packets": 9410,
  "edge_multiplicity": {
    "BRE-SIE": 0.41498405951115835,
    "BRE-ERD": 0.2731137088204038,
    "ERD-SIE": 0.2767268862911796,
    "BRE-GUD": 0.31190223166843783,
    "GUD-SIE": 0.30828905419766206,
    "ERD-FRM": 0.20063761955366632,
    "ERD-GUD": 0.20956429330499468
  },
  "node_hitting_prob": {
    "ERD": 0.3797024442082891,
    "GUD": 0.4035069075451647,
    "FRM": 0.10031880977683316
  }
}