{
  "source": "MIL",
  "target": "COP",
  "total_packets": 1439,
  "edge_multiplicity": {
    "MIL-VIE": 0.36414176511466295,
    "PRA-VIE": 0.6643502432244615,
    "POZ-PRA": 0.965948575399583,
    "KAU-POZ": 0.8380820013898541,
    "BER-POZ": 0.797776233495483,
    "BER-COP": 0.40514246004169563,
    "KAU-RIG": 0.7268936761640028,
    "KIE-POZ": 0.8644892286309938,
    "RIG-TAR": 0.5489923558026407,
    "BER-HAM": 0.6858929812369701,
    "MIL-TIR": 0.018763029881862403,
    "SOF-TIR": 0.034051424600416956,
    "BEL-SOF": 0.0472550382209868,
    "BEL-ZAG": 0.05211952744961779,
    "BUD-ZAG": 0.0847810979847116,
    "BRA-BUD": 0.14037526059763725,
    "BRA-VIE": 0.27658095899930507,
    "HEL-TAR": 0.35858234885337037,
    "COP-HEL": 0.1014593467685893,
    "GEN-MIL": 0.39610840861709523,
    "GEN-PAR": 0.6059763724808895,
    "BRU-PAR": 0.7109103544127866,
    "AMS-BRU": 0.8665740097289785,
    "BRU-LUX": 0.817234190410007,
    "COR-PAR": 0.6518415566365532,
    "LON-PAR": 0.7074357192494788,
    "AMS-LON": 0.8505906879777624,
    "AMS-FRA": 0.8839471855455178,
    "AMS-HAM": 0.9485753995830438,
    "COP-HAM": 0.4586518415566366,
    "FRA-GEN": 0.6462821403752605,
    "FRA-LUX": 0.7463516330785267,
    "BIL-PAR": 0.5538568450312717,
    "SOF-THE": 0.0472550382209868,
    "IST-THE": 0.04447533009034051,
    "IST-SOF": 0.0472550382209868,
    "SKO-SOF": 0.04933981931897151,
    "BUC-BUD": 0.10006949270326616,
    "BUC-SOF": 0.05559416261292564,
    "FRA-PRA": 0.7963863794301599,
    "HEL-STO": 0.18485059068797777,
    "GEN-MAR": 0.3127171646977067,
    "MAD-MAR": 0.29812369701181374,
    "LIS-MAD": 0.3558026407227241,
    "BIL-MAD": 0.4079221681723419,
    "COR-DUB": 0.7546907574704657,
    "BIL-POR": 0.4322446143154969,
    "LIS-POR": 0.38359972202918696,
    "LIS-SIN": 0.3391243919388464,
    "DUB-LON": 0.7463516330785267,
    "MAR-MIL": 0.19944405837387075,
    "POD-ZAG": 0.059763724808895066,
    "OSL-STO": 0.1014593467685893,
    "BEL-SKO": 0.05489923558026407,
    "COP-OSL": 0.03474635163307853,
    "LJU-MIL": 0.021542738012508687,
    "LJU-ZAG": 0.056289089645587216,
    "ATH-THE": 0.022237665045170257,
    "ATH-NIC": 0.030576789437109102
  },
  "node_hitting_prob": {
    "BER": 0.6164002779708131,
    "POZ": 0.5684503127171647,
    "PRA": 0.6567060458651841,
    "VIE": 0.4496177901320361,
    "KAU": 0.29881862404447534,
    "RIG": 0.21612230715774844,
    "TAR": 0.17303683113273105,
    "KIE": 0.25156358582348853,
    "HAM": 0.7206393328700487,
    "HEL": 0.1487143849895761,
    "BUD": 0.06045865184155664,
    "TIR": 0.021542738012508687,
    "ZAG": 0.03683113273106324,
    "BEL": 0.027102154273801252,
    "SOF": 0.03127171646977067,
    "BRA": 0.1250868658790827,
    "COR": 0.27449617790132036,
    "FRA": 0.6574009728978457,
    "BRU": 0.46907574704656013,
    "GEN": 0.5948575399583044,
    "LON": 0.40931202223766505,
    "LUX": 0.3766504517025712,
    "PAR": 0.49339819318971506,
    "AMS": 0.6754690757470465,
    "BIL": 0.23558026407227242,
    "SKO": 0.020152883947185545,
    "BUC": 0.035441278665740095,
    "THE": 0.01667824878387769,
    "IST": 0.017373175816539264,
    "STO": 0.07991660875608061,
    "LIS": 0.1292564280750521,
    "DUB": 0.2689367616400278,
    "MAD": 0.1931897150799166,
    "MAR": 0.28561501042390547,
    "SIN": 0.0778318276580959,
    "POR": 0.14454482279360667,
    "POD": 0.014593467685892982,
    "OSL": 0.046560111188325225,
    "LJU": 0.02501737317581654,
    "NIC": 0.004864489228630994,
    "ATH": 0.006949270326615705
  }
}