{
  "total_keys": 4796,
  "total_bits": 1227776,
  "mean_iat": 0.20816350364963482,
  "cv_iat": 0.9481560342193028,
  "rate_keys": 4.796,
  "rate_bits": 1227.776,
  "median_throughput": 1228.8,
  "mean_throughput": 1227.776,
  "p05": 919.0400000000001,
  "p95": 1538.559999999999
}