{
  "source": "MIL",
  "target": "COP",
  "total_packets": 4796,
  "edge_multiplicity": {
    "GEN-MIL": 0.31130108423686403,
    "GEN-PAR": 0.2950375312760634,
    "BRU-PAR": 0.2969140950792327,
    "AMS-BRU": 0.2994161801501251,
    "AMS-HAM": 0.5214762301918265,
    "BER-HAM": 0.3167222685571309,
    "BER-COP": 0.2706422018348624,
    "MAR-MIL": 0.28127606338615513,
    "GEN-MAR": 0.30254378648874064,
    "FRA-GEN": 0.3450792326939116,
    "AMS-FRA": 0.2506255212677231,
    "COP-HAM": 0.377814845704754,
    "FRA-PRA": 0.402210175145955,
    "POZ-PRA": 0.5097998331943286,
    "KAU-POZ": 0.35154295246038364,
    "KAU-RIG": 0.35154295246038364,
    "RIG-TAR": 0.35154295246038364,
    "HEL-TAR": 0.35154295246038364,
    "COP-HEL": 0.1805671392827356,
    "MIL-TIR": 0.07172643869891576,
    "SOF-TIR": 0.07172643869891576,
    "SKO-SOF": 0.05942452043369475,
    "BEL-SKO": 0.05942452043369475,
    "BEL-ZAG": 0.07172643869891576,
    "POD-ZAG": 0.06505421184320268,
    "BUD-ZAG": 0.08006672226855713,
    "BRA-BUD": 0.1738949124270225,
    "BRA-VIE": 0.1738949124270225,
    "PRA-VIE": 0.40742285237698084,
    "KIE-POZ": 0.4049207673060884,
    "BER-POZ": 0.3238115095913261,
    "MIL-VIE": 0.2493744787322769,
    "BRU-LUX": 0.3669724770642202,
    "FRA-LUX": 0.3669724770642202,
    "LJU-MIL": 0.08632193494578816,
    "LJU-ZAG": 0.08632193494578816,
    "AMS-LON": 0.3988740617180984,
    "DUB-LON": 0.3390325271059216,
    "COR-DUB": 0.3390325271059216,
    "COR-PAR": 0.3390325271059216,
    "MAD-MAR": 0.23269391159299416,
    "LIS-MAD": 0.19495412844036697,
    "LIS-POR": 0.19495412844036697,
    "BIL-POR": 0.19495412844036697,
    "BIL-PAR": 0.2764804003336113,
    "HEL-STO": 0.17097581317764804,
    "OSL-STO": 0.17097581317764804,
    "COP-OSL": 0.17097581317764804,
    "BIL-MAD": 0.12489574645537949,
    "LIS-SIN": 0.20725604670558798,
    "LON-PAR": 0.1970391993327773,
    "BUC-SOF": 0.09382819015846539,
    "BUC-BUD": 0.09382819015846539,
    "IST-SOF": 0.049416180150125104,
    "IST-THE": 0.049416180150125104,
    "ATH-THE": 0.07047539616346955,
    "ATH-NIC": 0.07047539616346955,
    "SOF-THE": 0.049416180150125104,
    "BEL-SOF": 0.04107589658048374
  },
  "node_hitting_prob": {
    "HAM": 0.5923686405337781,
    "BRU": 0.4553794829024187,
    "GEN": 0.6165554628857381,
    "BER": 0.4555879899916597,
    "PAR": 0.5348206839032527,
    "AMS": 0.6469974979149291,
    "FRA": 0.6169724770642202,
    "MAR": 0.3865721434528774,
    "RIG": 0.35154295246038364,
    "HEL": 0.35154295246038364,
    "POZ": 0.5925771476230192,
    "PRA": 0.6390742285237698,
    "TAR": 0.35154295246038364,
    "KAU": 0.35154295246038364,
    "BUD": 0.16597164303586323,
    "TIR": 0.07172643869891576,
    "SKO": 0.05942452043369475,
    "ZAG": 0.1128023352793995,
    "BEL": 0.0798582151793161,
    "POD": 0.03252710592160134,
    "SOF": 0.11864053377814845,
    "VIE": 0.40742285237698084,
    "KIE": 0.2024603836530442,
    "BRA": 0.16597164303586323,
    "LUX": 0.3650959132610509,
    "LJU": 0.08632193494578816,
    "COR": 0.33798999165971644,
    "DUB": 0.33798999165971644,
    "LON": 0.4261884904086739,
    "LIS": 0.19495412844036697,
    "BIL": 0.2545871559633027,
    "POR": 0.19495412844036697,
    "MAD": 0.2545871559633027,
    "OSL": 0.17097581317764804,
    "STO": 0.17097581317764804,
    "SIN": 0.10362802335279399,
    "BUC": 0.09382819015846539,
    "THE": 0.049416180150125104,
    "NIC": 0.035237698081734777,
    "IST": 0.049416180150125104,
    "ATH": 0.035237698081734777
  }
}