{
  "source": "MIL",
  "target": "COP",
  "total_packets": 3456,
  "edge_multiplicity": {
    "MIL-VIE": 0.34577546296296297,
    "PRA-VIE": 0.4756944444444444,
    "POZ-PRA": 0.5789930555555556,
    "KAU-POZ": 0.34577546296296297,
    "KAU-RIG": 0.34577546296296297,
    "RIG-TAR": 0.34577546296296297,
    "HEL-TAR": 0.34577546296296297,
    "COP-HEL": 0.16984953703703703,
    "BER-POZ": 0.3559027777777778,
    "BER-COP": 0.3090277777777778,
    "MAR-MIL": 0.21875,
    "MAD-MAR": 0.21325231481481483,
    "BIL-MAD": 0.24537037037037038,
    "BIL-PAR": 0.30179398148148145,
    "COR-PAR": 0.34837962962962965,
    "COR-DUB": 0.34837962962962965,
    "DUB-LON": 0.34837962962962965,
    "AMS-LON": 0.39467592592592593,
    "AMS-HAM": 0.5182291666666666,
    "BER-HAM": 0.31828703703703703,
    "GEN-MIL": 0.3142361111111111,
    "GEN-PAR": 0.3133680555555556,
    "BRU-PAR": 0.3541666666666667,
    "BRU-LUX": 0.3611111111111111,
    "FRA-LUX": 0.3611111111111111,
    "FRA-GEN": 0.35648148148148145,
    "COP-HAM": 0.34519675925925924,
    "HEL-STO": 0.17592592592592593,
    "OSL-STO": 0.17592592592592593,
    "COP-OSL": 0.17592592592592593,
    "LON-PAR": 0.3472222222222222,
    "AMS-FRA": 0.38686342592592593,
    "AMS-BRU": 0.3923611111111111,
    "LJU-MIL": 0.0642361111111111,
    "LJU-ZAG": 0.0642361111111111,
    "POD-ZAG": 0.07060185185185185,
    "BUD-ZAG": 0.10532407407407407,
    "BRA-BUD": 0.1675347222222222,
    "BRA-VIE": 0.1675347222222222,
    "GEN-MAR": 0.19762731481481483,
    "FRA-PRA": 0.37471064814814814,
    "KIE-POZ": 0.3645833333333333,
    "BIL-POR": 0.24913194444444445,
    "LIS-POR": 0.24913194444444445,
    "LIS-SIN": 0.25,
    "MIL-TIR": 0.05700231481481482,
    "SOF-TIR": 0.05700231481481482,
    "SOF-THE": 0.061342592592592594,
    "IST-THE": 0.061921296296296294,
    "IST-SOF": 0.061921296296296294,
    "BUC-SOF": 0.10271990740740741,
    "BUC-BUD": 0.10271990740740741,
    "SKO-SOF": 0.06568287037037036,
    "BEL-SKO": 0.06568287037037036,
    "BEL-SOF": 0.06278935185185185,
    "LIS-MAD": 0.23350694444444445,
    "BEL-ZAG": 0.06655092592592593,
    "ATH-THE": 0.05381944444444445,
    "ATH-NIC": 0.05381944444444445
  },
  "node_hitting_prob": {
    "RIG": 0.34577546296296297,
    "HEL": 0.34577546296296297,
    "POZ": 0.6183449074074074,
    "PRA": 0.6521990740740741,
    "TAR": 0.34577546296296297,
    "VIE": 0.4704861111111111,
    "KAU": 0.34577546296296297,
    "BER": 0.46585648148148145,
    "COR": 0.25578703703703703,
    "HAM": 0.5622106481481481,
    "BIL": 0.2230902777777778,
    "DUB": 0.25578703703703703,
    "LON": 0.34664351851851855,
    "PAR": 0.45023148148148145,
    "MAD": 0.21643518518518517,
    "AMS": 0.5795717592592593,
    "MAR": 0.27546296296296297,
    "FRA": 0.5381944444444444,
    "BRU": 0.39033564814814814,
    "GEN": 0.4988425925925926,
    "LUX": 0.29050925925925924,
    "OSL": 0.17592592592592593,
    "STO": 0.17592592592592593,
    "BUD": 0.14438657407407407,
    "ZAG": 0.10127314814814815,
    "POD": 0.033275462962962965,
    "BRA": 0.14438657407407407,
    "LJU": 0.0642361111111111,
    "KIE": 0.1785300925925926,
    "LIS": 0.1684027777777778,
    "SIN": 0.10185185185185185,
    "POR": 0.15422453703703703,
    "TIR": 0.05700231481481482,
    "BUC": 0.08246527777777778,
    "SOF": 0.09895833333333333,
    "THE": 0.04398148148148148,
    "IST": 0.04137731481481482,
    "SKO": 0.05150462962962963,
    "BEL": 0.06770833333333333,
    "ATH": 0.023726851851851853,
    "NIC": 0.023726851851851853
  }
}