{
  "total_keys": 7872,
  "total_bits": 2015232,
  "mean_iat": 0.1269754796086901,
  "cv_iat": 0.5891952100369177,
  "rate_keys": 7.872,
  "rate_bits": 2015.232,
  "median_throughput": 1996.8,
  "mean_throughput": 2015.2319999999997,
  "p05": 1740.8,
  "p95": 2304.0
}