{
  "total_keys": 9756,
  "total_bits": 2497536,
  "mean_iat": 0.10241988723731413,
  "cv_iat": 0.8677452990931704,
  "rate_keys": 9.756,
  "rate_bits": 2497.536,
  "median_throughput": 2508.8,
  "mean_throughput": 2497.5359999999996,
  "p05": 2201.6,
  "p95": 2764.8
}