{
  "source": "BRE",
  "target": "SIE",
  "total_packets": 7872,
  "edge_multiplicity": {
    "BRE-SIE": 0.4960619918699187,
    "BRE-GUD": 0.2501270325203252,
    "GUD-SIE": 0.2543191056910569,
    "BRE-ERD": 0.2538109756097561,
    "ERD-FRM": 0.24085365853658536,
    "ERD-SIE": 0.2496189024390244,
    "ERD-GUD": 0.2529217479674797
  },
  "node_hitting_prob": {
    "GUD": 0.3352388211382114,
    "FRM": 0.09044715447154472,
    "ERD": 0.3358739837398374
  }
}