{
  "source": "BOU",
  "target": "PIT",
  "total_packets": 7843,
  "edge_multiplicity": {
    "BOU-LNK": 0.30167027922988654,
    "CMI-LNK": 0.30167027922988654,
    "CMI-PIT": 0.3275532321815632,
    "BOU-HOU": 0.36529389264312123,
    "CPK-HOU": 0.24123422159887797,
    "CPK-PRI": 0.2013260232054061,
    "PIT-PRI": 0.193038378171618,
    "CMI-SEA": 0.21739130434782608,
    "SAN-SEA": 0.22376641591227847,
    "HOU-SAN": 0.2404692082111437,
    "ATL-HOU": 0.2724722682646946,
    "ATL-PIT": 0.2724722682646946,
    "BOU-SLC": 0.33303582812699223,
    "PAO-SLC": 0.23524161672829275,
    "PAO-SEA": 0.2297590207828637,
    "ARB-SLC": 0.3048578350121127,
    "ARB-ITH": 0.22644396276934847,
    "ITH-PIT": 0.2069361213821242,
    "PAO-SAN": 0.22478643376259083,
    "CPK-ITH": 0.2069361213821242,
    "ARB-PRI": 0.21892133112329465
  },
  "node_hitting_prob": {
    "CMI": 0.4072421267372179,
    "LNK": 0.30167027922988654,
    "CPK": 0.28917506056355985,
    "PRI": 0.28407497131199794,
    "HOU": 0.5219941348973607,
    "ATL": 0.2724722682646946,
    "SEA": 0.2769348463598113,
    "SAN": 0.2793573887543032,
    "SLC": 0.4085171490501084,
    "PAO": 0.2849674869310213,
    "ARB": 0.3385184240724213,
    "ITH": 0.29504016320285603
  }
}