{
  "total_keys": 11286,
  "total_bits": 2889216,
  "mean_iat": 0.08856216216216214,
  "cv_iat": 0.7282172690983155,
  "rate_keys": 11.286,
  "rate_bits": 2889.216,
  "median_throughput": 2867.2,
  "mean_throughput": 2889.216,
  "p05": 2662.4,
  "p95": 3174.4
}