{
  "source": "BRE",
  "target": "SIE",
  "total_packets": 11286,
  "edge_multiplicity": {
    "BRE-SIE": 0.3460038986354776,
    "BRE-ERD": 0.32385256069466595,
    "ERD-SIE": 0.3147262094630516,
    "BRE-GUD": 0.33014354066985646,
    "GUD-SIE": 0.33926989190147083,
    "ERD-FRM": 0.32766259082048554,
    "ERD-GUD": 0.32314371788056
  },
  "node_hitting_prob": {
    "ERD": 0.48086124401913877,
    "GUD": 0.49627857522594365,
    "FRM": 0.16383129541024277
  }
}