{
  "source": "BOU",
  "target": "PIT",
  "total_packets": 9756,
  "edge_multiplicity": {
    "BOU-HOU": 0.3559860598605986,
    "ATL-HOU": 0.26988519885198853,
    "ATL-PIT": 0.26988519885198853,
    "BOU-SLC": 0.3305658056580566,
    "ARB-SLC": 0.36141861418614185,
    "ARB-ITH": 0.25440754407544075,
    "ITH-PIT": 0.23739237392373924,
    "BOU-LNK": 0.3134481344813448,
    "CMI-LNK": 0.3134481344813448,
    "CMI-PIT": 0.2611726117261173,
    "PAO-SLC": 0.3190856908569086,
    "PAO-SEA": 0.21033210332103322,
    "CMI-SEA": 0.2648626486264863,
    "SAN-SEA": 0.22673226732267324,
    "PAO-SAN": 0.21166461664616645,
    "HOU-SAN": 0.28731037310373103,
    "CPK-HOU": 0.2625051250512505,
    "CPK-PRI": 0.24015990159901598,
    "PIT-PRI": 0.23154981549815498,
    "ARB-PRI": 0.24948749487494876,
    "CPK-ITH": 0.23985239852398524
  },
  "node_hitting_prob": {
    "ATL": 0.26988519885198853,
    "HOU": 0.5795407954079541,
    "ARB": 0.4326568265682657,
    "ITH": 0.3658261582615826,
    "SLC": 0.5055350553505535,
    "CMI": 0.4102091020910209,
    "LNK": 0.3134481344813448,
    "PAO": 0.3705412054120541,
    "SEA": 0.3414309143091431,
    "SAN": 0.3628536285362854,
    "CPK": 0.3712587125871259,
    "PRI": 0.36059860598605986
  }
}